836294,PAN INTEGRAL IDEAL,0,2000,30,6,2025,
836294,PAN INTEGRAL IDEAL,0,2000,26,7,2025,
836294,PAN INTEGRAL IDEAL,0,2000,26,7,2025,
836294,PAN INTEGRAL IDEAL,0,2000,30,8,2024,
836294,PAN INTEGRAL IDEAL,0,2000,30,9,2024,
836294,PAN INTEGRAL IDEAL,0,2000,30,9,2024,
836294,PAN INTEGRAL IDEAL,0,2000,30,9,2024,
836294,PAN INTEGRAL IDEAL,0,2000,30,9,2024,
926486,KETCHUP HELLMANS,0,2600,30,9,2024,
926486,KETCHUP HELLMANS,0,2600,30,9,2024,
926486,KETCHUP HELLMANS,0,2600,30,9,2024,
926486,KETCHUP HELLMANS,0,2600,30,9,2024,
926486,KETCHUP HELLMANS,0,2600,30,9,2024,
926486,KETCHUP HELLMANS,0,2600,30,9,2024,
926486,KETCHUP HELLMANS,0,2600,30,9,2024,
926486,KETCHUP HELLMANS,0,2600,30,9,2024,
926486,KETCHUP HELLMANS,0,2600,30,9,2024,
782674,QUESO RALLADO COLUN 80G,0,800,30,9,2024,
782674,QUESO RALLADO COLUN 80G,0,800,30,9,2024,
782674,QUESO RALLADO COLUN 80G,0,800,30,9,2024,
782674,QUESO RALLADO COLUN 80G,0,800,30,9,2024,
812375,QUESO RALLADO SOPROLE 75G,0,750,30,9,2024,
812375,QUESO RALLADO SOPROLE 75G,0,750,30,9,2024,
812375,QUESO RALLADO SOPROLE 75G,0,750,30,9,2024,
812375,QUESO RALLADO SOPROLE 75G,0,750,30,9,2024,
812375,QUESO RALLADO SOPROLE 75G,0,750,30,9,2024,
673625,ALFI,0,400,20,9,2024,
673625,ALFI,0,400,31,9,2024,
673625,ALFI,0,400,22,9,2024,
673625,ALFI,0,400,31,9,2024,
673625,ALFI,0,400,20,9,2024,
673625,ALFI,0,400,21,9,2024,
673625,ALFI,0,400,22,9,2024,
673625,ALFI,0,400,23,9,2024,
673625,ALFI,0,400,24,9,2024,
673625,ALFI,0,400,23,9,2024,
673625,ALFI,0,400,22,9,2024,
673625,ALFI,0,400,1,9,2024,
927465,PINGUINO,0,800,30,9,2024,
927465,PINGUINO,0,800,30,9,2024,
927465,PINGUINO,0,800,30,9,2024,
927465,PINGUINO,0,800,30,9,2024,
927465,PINGUINO,0,800,30,9,2024,
927465,PINGUINO,0,800,30,9,2024,
927465,PINGUINO,0,800,30,9,2024,
927465,PINGUINO,0,800,30,9,2024,
927465,PINGUINO,0,800,30,9,2024,
927465,PINGUINO,0,800,30,9,2024,
927596,MANKEKE,0,1000,30,9,2024,
927596,MANKEKE,0,1000,30,9,2024,
927596,MANKEKE,0,1000,30,9,2024,
927596,MANKEKE,0,1000,30,9,2024,
927596,MANKEKE,0,1000,30,9,2024,
927596,MANKEKE,0,1000,30,9,2024,
927596,MANKEKE,0,1000,30,9,2024,
927596,MANKEKE,0,1000,30,9,2024,
927596,MANKEKE,0,1000,30,9,2024,
927596,MANKEKE,0,1000,30,9,2024,
927596,MANKEKE,0,1000,30,9,2024,
358295,GANSITO,0,500,30,9,2024,
358295,GANSITO,0,500,30,9,2024,
358295,GANSITO,0,500,30,9,2024,
358295,GANSITO,0,500,30,9,2024,
358295,GANSITO,0,500,30,9,2024,
358295,GANSITO,0,500,30,9,2024,
84728,RAYITA,0,350,30,9,2024,
84728,RAYITA,0,350,30,9,2024,
84728,RAYITA,0,350,30,9,2024,
84728,RAYITA,0,350,30,9,2024,
84728,RAYITA,0,350,30,9,2024,
84728,RAYITA,0,350,30,9,2024,
84728,RAYITA,0,350,30,9,2024,
84728,RAYITA,0,350,30,9,2024,
902854,PAPAS FRITAS LAYS 200G,0,2000,30,9,2024,
902854,PAPAS FRITAS LAYS 200G,0,2000,30,9,2024,
902854,PAPAS FRITAS LAYS 200G,0,2000,30,9,2024,
902854,PAPAS FRITAS LAYS 200G,0,2000,30,9,2024,
902854,PAPAS FRITAS LAYS 200G,0,2000,30,9,2024,
902854,PAPAS FRITAS LAYS 200G,0,2000,30,9,2024,
902854,PAPAS FRITAS LAYS 200G,0,2000,30,9,2024,
902854,PAPAS FRITAS LAYS 200G,0,2000,30,9,2024,
902854,PAPAS FRITAS LAYS 200G,0,2000,30,9,2024,
902854,PAPAS FRITAS LAYS 200G,0,2000,30,9,2024,
284758,DORITOS 150G,0,1800,30,9,2024,
284758,DORITOS 150G,0,1800,30,9,2024,
284758,DORITOS 150G,0,1800,30,9,2024,
284758,DORITOS 150G,0,1800,30,9,2024,
284758,DORITOS 150G,0,1800,30,9,2024,
284758,DORITOS 150G,0,1800,30,9,2024,
284758,DORITOS 150G,0,1800,30,9,2024,
284758,DORITOS 150G,0,1800,30,9,2024,
284758,DORITOS 150G,0,1800,30,9,2024,
284758,DORITOS 150G,0,1800,30,9,2024,
284758,DORITOS 150G,0,1800,30,9,2024,
912374,COCA COLA 1L,0,1000,30,9,2024,
912374,COCA COLA 1L,0,1000,30,9,2024,
912374,COCA COLA 1L,0,1000,30,9,2024,
912374,COCA COLA 1L,0,1000,30,9,2024,
912374,COCA COLA 1L,0,1000,30,9,2024,
912374,COCA COLA 1L,0,1000,30,9,2024,
912374,COCA COLA 1L,0,1000,30,9,2024,
912374,COCA COLA 1L,0,1000,30,9,2024,
912374,COCA COLA 1L,0,1000,30,9,2024,
912374,COCA COLA 1L,0,1000,30,9,2024,
912374,COCA COLA 1L,0,1000,30,9,2024,
912374,COCA COLA 1L,0,1000,30,9,2024,
912374,COCA COLA 1L,0,1000,30,9,2024,
912374,COCA COLA 1L,0,1000,30,9,2024,
912374,COCA COLA 1L,0,1000,30,9,2024,
912374,COCA COLA 1L,0,1000,30,9,2024,
927485,COCA COLA 2L,0,1600,30,9,2024,
927485,COCA COLA 2L,0,1600,30,9,2024,
927485,COCA COLA 2L,0,1600,30,9,2024,
927485,COCA COLA 2L,0,1600,30,9,2024,
927485,COCA COLA 2L,0,1600,30,9,2024,
927485,COCA COLA 2L,0,1600,30,9,2024,
927485,COCA COLA 2L,0,1600,30,9,2024,
927485,COCA COLA 2L,0,1600,30,9,2024,
927485,COCA COLA 2L,0,1600,30,9,2024,
927485,COCA COLA 2L,0,1600,30,9,2024,
927485,COCA COLA 2L,0,1600,30,9,2024,
927485,COCA COLA 2L,0,1600,30,9,2024,
927485,COCA COLA 2L,0,1600,30,9,2024,
927485,COCA COLA 2L,0,1600,30,9,2024,
927485,COCA COLA 2L,0,1600,30,9,2024,
927485,COCA COLA 2L,0,1600,30,9,2024,
927543,FANTA 1.5L,0,1400,30,9,2024,
927543,FANTA 1.5L,0,1400,30,9,2024,
927543,FANTA 1.5L,0,1400,30,9,2024,
927543,FANTA 1.5L,0,1400,30,9,2024,
927543,FANTA 1.5L,0,1400,30,9,2024,
927543,FANTA 1.5L,0,1400,30,9,2024,
927543,FANTA 1.5L,0,1400,30,9,2024,
927543,FANTA 1.5L,0,1400,30,9,2024,
927543,FANTA 1.5L,0,1400,30,9,2024,
927543,FANTA 1.5L,0,1400,30,9,2024,
927543,FANTA 1.5L,0,1400,30,9,2024,
927543,FANTA 1.5L,0,1400,30,9,2024,
927543,FANTA 1.5L,0,1400,30,9,2024,
927543,FANTA 1.5L,0,1400,30,9,2024,
927543,FANTA 1.5L,0,1400,30,9,2024,
927543,FANTA 1.5L,0,1400,30,9,2024,
927543,FANTA 1.5L,0,1400,30,9,2024,
259673,SNICKER,0,1500,30,9,2024,
259673,SNICKER,0,1500,30,9,2024,
259673,SNICKER,0,1500,30,9,2024,
259673,SNICKER,0,1500,30,9,2024,
259673,SNICKER,0,1500,30,9,2024,
259673,SNICKER,0,1500,30,9,2024,
259673,SNICKER,0,1500,30,9,2024,
259673,SNICKER,0,1500,30,9,2024,
259673,SNICKER,0,1500,30,9,2024,
259673,SNICKER,0,1500,30,9,2024,
259673,SNICKER,0,1500,30,9,2024,
259673,SNICKER,0,1500,30,9,2024,
259673,SNICKER,0,1500,30,9,2024,
259673,SNICKER,0,1500,30,9,2024,
259673,SNICKER,0,1500,30,9,2024,
427489,RAMITAS EVERSCRIP 200G,0,1700,30,9,2024,
427489,RAMITAS EVERSCRIP 200G,0,1700,30,9,2024,
427489,RAMITAS EVERSCRIP 200G,0,1700,30,9,2024,
427489,RAMITAS EVERSCRIP 200G,0,1700,30,9,2024,
427489,RAMITAS EVERSCRIP 200G,0,1700,30,9,2024,
427489,RAMITAS EVERSCRIP 200G,0,1700,30,9,2024,
427489,RAMITAS EVERSCRIP 200G,0,1700,30,9,2024,
427489,RAMITAS EVERSCRIP 200G,0,1700,30,9,2024,
17495,CHORIZO ENVASADO RDA 1KG,0,4000,30,9,2024,
17495,CHORIZO ENVASADO RDA 1KG,0,4000,30,9,2024,
17495,CHORIZO ENVASADO RDA 1KG,0,4000,30,9,2024,
17495,CHORIZO ENVASADO RDA 1KG,0,4000,30,9,2024,
17495,CHORIZO ENVASADO RDA 1KG,0,4000,30,9,2024,
17495,CHORIZO ENVASADO RDA 1KG,0,4000,30,9,2024,
17495,CHORIZO ENVASADO RDA 1KG,0,4000,30,9,2024,
192754,HAMBURGUESA VACUNO RDA 100G,0,900,30,9,2024,
192754,HAMBURGUESA VACUNO RDA 100G,0,900,30,9,2024,
192754,HAMBURGUESA VACUNO RDA 100G,0,900,30,9,2024,
192754,HAMBURGUESA VACUNO RDA 100G,0,900,30,9,2024,
192754,HAMBURGUESA VACUNO RDA 100G,0,900,30,9,2024,
192754,HAMBURGUESA VACUNO RDA 100G,0,900,30,9,2024,
192754,HAMBURGUESA VACUNO RDA 100G,0,900,30,9,2024,
192754,HAMBURGUESA VACUNO RDA 100G,0,900,30,9,2024,
192754,HAMBURGUESA VACUNO RDA 100G,0,900,30,9,2024,
192754,HAMBURGUESA VACUNO RDA 100G,0,900,30,9,2024,
192754,HAMBURGUESA VACUNO RDA 100G,0,900,30,9,2024,
192754,HAMBURGUESA VACUNO RDA 100G,0,900,30,9,2024,
174927,SUPER 8,0,400,30,9,2024,
174927,SUPER 8,0,400,30,9,2024,
174927,SUPER 8,0,400,30,9,2024,
174927,SUPER 8,0,400,30,9,2024,
174927,SUPER 8,0,400,30,9,2024,
174927,SUPER 8,0,400,30,9,2024,
174927,SUPER 8,0,400,30,9,2024,
174927,SUPER 8,0,400,30,9,2024,
174927,SUPER 8,0,400,30,9,2024,
174927,SUPER 8,0,400,30,9,2024,
174927,SUPER 8,0,400,30,9,2024,
174927,SUPER 8,0,400,30,9,2024,
174927,SUPER 8,0,400,30,9,2024,
174927,SUPER 8,0,400,30,9,2024,
174927,SUPER 8,0,400,30,9,2024,
174927,SUPER 8,0,400,30,9,2024,
174927,SUPER 8,0,400,30,9,2024,
174927,SUPER 8,0,400,30,9,2024,
174927,SUPER 8,0,400,30,9,2024,
174927,SUPER 8,0,400,30,9,2024,
174927,SUPER 8,0,400,30,9,2024,
174927,SUPER 8,0,400,30,9,2024,
174927,SUPER 8,0,400,30,9,2024,
174927,SUPER 8,0,400,30,9,2024,
201285,CENTELLA SAVORY,0,300,30,9,2024,
201285,CENTELLA SAVORY,0,300,30,9,2024,
201285,CENTELLA SAVORY,0,300,30,9,2024,
201285,CENTELLA SAVORY,0,300,30,9,2024,
201285,CENTELLA SAVORY,0,300,30,9,2024,
201285,CENTELLA SAVORY,0,300,30,9,2024,
201285,CENTELLA SAVORY,0,300,30,9,2024,
201285,CENTELLA SAVORY,0,300,30,9,2024,
201285,CENTELLA SAVORY,0,300,30,9,2024,
201285,CENTELLA SAVORY,0,300,30,9,2024,
201285,CENTELLA SAVORY,0,300,30,9,2024,
201285,CENTELLA SAVORY,0,300,30,9,2024,
201285,CENTELLA SAVORY,0,300,30,9,2024,
201285,CENTELLA SAVORY,0,300,30,9,2024,
60,PAPA 1KG,0,800,30,9,2024,
60,PAPA 1KG,0,800,30,9,2024,
60,PAPA 1KG,0,800,30,9,2024,
60,PAPA 1KG,0,800,30,9,2024,
60,PAPA 1KG,0,800,30,9,2024,
60,PAPA 1KG,0,800,30,9,2024,
60,PAPA 1KG,0,800,30,9,2024,
60,PAPA 1KG,0,800,30,9,2024,
60,PAPA 1KG,0,800,30,9,2024,
60,PAPA 1KG,0,800,30,9,2024,
70,CEBOLLA 1KG,0,1200,30,9,2024,
70,CEBOLLA 1KG,0,1200,30,9,2024,
70,CEBOLLA 1KG,0,1200,30,9,2024,
80,TOMATE 1KG,0,1500,30,9,2024,
80,TOMATE 1KG,0,1500,30,9,2024,
80,TOMATE 1KG,0,1500,30,9,2024,
80,TOMATE 1KG,0,1500,30,9,2024,
80,TOMATE 1KG,0,1500,30,9,2024,
90,ZANAHORIA 1KG,0,300,30,9,2024,
90,ZANAHORIA 1KG,0,300,30,9,2024,
90,ZANAHORIA 1KG,0,300,30,9,2024,
100,QUESO LAMINADO COLUN,0,4500,30,9,2024,
100,QUESO LAMINADO COLUN,0,4500,30,9,2024,
100,QUESO LAMINADO COLUN,0,4500,30,9,2024,
100,QUESO LAMINADO COLUN,0,4500,30,9,2024,
100,QUESO LAMINADO COLUN,0,4500,30,9,2024,
100,QUESO LAMINADO COLUN,0,4500,30,9,2024,
100,QUESO LAMINADO COLUN,0,4500,30,9,2024,
100,QUESO LAMINADO COLUN,0,4500,30,9,2024,
100,QUESO LAMINADO COLUN,0,4500,30,9,2024,
100,QUESO LAMINADO COLUN,0,4500,30,9,2024,
100,QUESO LAMINADO COLUN,0,4500,30,9,2024,
100,QUESO LAMINADO COLUN,0,4500,30,9,2024,
100,QUESO LAMINADO COLUN,0,4500,30,9,2024,
129356,CHOCOLATE TRENCITO,0,2500,30,9,2024,
129356,CHOCOLATE TRENCITO,0,2500,30,9,2024,
129356,CHOCOLATE TRENCITO,0,2500,30,9,2024,
129356,CHOCOLATE TRENCITO,0,2500,30,9,2024,
129356,CHOCOLATE TRENCITO,0,2500,30,9,2024,
129356,CHOCOLATE TRENCITO,0,2500,30,9,2024,
129356,CHOCOLATE TRENCITO,0,2500,30,9,2024,
285496,GALLETAS TRITON,0,1000,30,9,2024,
285496,GALLETAS TRITON,0,1000,30,9,2024,
285496,GALLETAS TRITON,0,1000,30,9,2024,
285496,GALLETAS TRITON,0,1000,30,9,2024,
285496,GALLETAS TRITON,0,1000,30,9,2024,
285496,GALLETAS TRITON,0,1000,30,9,2024,
285496,GALLETAS TRITON,0,1000,30,9,2024,
